Archivo;Back-Leg-Left;Back-Leg-Right;Backrest;Environment;Front-Leg-Left;Front-Leg-Right;Seat
E10_Eye-tracking.csv;5.200000000000001;23.400000000000002;150.59999999999997;352.8;9.799999999999995;15.399999999999997;79.20000000000002
